DougHa00,Douglas,Harry,2008,atl,wr,16,0,0,0,0,0,0,12,69,1,23,320,1
TurnMi00,Turner,Michael,2008,atl,rb,16,16,0,0,0,0,0,376,1699,17,6,41,0
RyanMa00,Ryan,Matt,2008,atl,qb,16,16,265,434,3440,16,11,55,104,1,0,0,0
PeelJu00,Peelle,Justin,2008,atl,te,16,11,0,0,0,0,0,0,0,0,15,159,2
NorwJe00,Norwood,Jerious,2008,atl,rb,16,0,0,0,0,0,0,95,489,4,36,338,2
MughOv00,Mughelli,Ovie,2008,atl,rb,16,13,0,0,0,0,0,5,16,0,8,57,0
JenkMi00,Jenkins,Michael,2008,atl,wr,16,12,0,0,0,0,0,0,0,0,50,777,3
HartBe00,Hartsock,Ben,2008,atl,te,11,11,0,0,0,0,0,0,0,0,3,26,0
RadeJa00,Rader,Jason,2008,atl,te,6,1,0,0,0,0,0,0,0,0,1,26,0
WeemEr00,Weems,Eric,2008,atl,wr,6,0,0,0,0,0,0,0,0,0,1,4,0
FinnBr00,Finneran,Brian,2008,atl,wr,16,0,0,0,0,0,0,0,0,0,21,169,1
WhitRo00,White,Roddy,2008,atl,wr,16,15,0,0,0,0,0,2,4,0,88,1382,7
SnelJa00,Snelling,Jason,2008,atl,rb,16,1,0,0,0,0,0,15,62,0,8,89,0
RobiLa01,Robinson,Laurent,2008,atl,wr,6,0,0,0,0,0,0,0,0,0,5,52,0
FineDe00,Fine,Derek,2008,buf,te,10,5,0,0,0,0,0,0,0,0,10,94,1
McInCo00,McIntyre,Corey,2008,buf,rb,11,2,0,0,0,0,0,0,0,0,2,-1,0
OmonXa00,Omon,Xavier,2008,buf,rb,2,0,0,0,0,0,0,6,5,0,0,0,0
RoyaRo00,Royal,Robert,2008,buf,te,15,7,0,0,0,0,0,0,0,0,33,351,1
ReedJo01,Reed,Josh,2008,buf,wr,13,13,0,0,0,0,0,0,0,0,56,597,1
ParrRo00,Parrish,Roscoe,2008,buf,wr,13,1,0,0,0,0,0,2,9,0,24,232,1
MoorBr24,Moorman,Brian,2008,buf,p,16,0,1,1,19,1,0,0,0,0,0,0,0
LyncMa00,Lynch,Marshawn,2008,buf,rb,15,15,0,0,0,0,0,250,1036,8,47,300,1
JackFr02,Jackson,Fred,2008,buf,rb,16,3,0,0,0,0,0,130,571,3,37,317,0
EvanLe00,Evans,Lee,2008,buf,wr,16,16,0,0,0,0,0,1,22,0,63,1017,3
ElliKe20,Ellison,Keith,2008,buf,lb,16,14,0,0,0,0,0,1,6,0,0,0,0
EdwaTr01,Edwards,Trent,2008,buf,qb,14,14,245,374,2699,11,10,36,117,3,0,0,0
DennRy20,Denney,Ryan,2008,buf,de,16,11,0,0,0,0,0,0,0,0,1,19,1
SchoDe00,Schouman,Derek,2008,buf,te,16,12,0,0,0,0,0,0,0,0,15,153,1
HardJa00,Hardy,James,2008,buf,wr,14,3,0,0,0,0,0,0,0,0,9,87,2
BarnDa00,Barnes,Darian,2008,buf,rb,3,2,0,0,0,0,0,0,0,0,2,34,0
LosmJ.00,Losman,J.P.,2008,buf,qb,5,2,63,104,584,2,5,12,70,2,0,0,0
JohnSt00,Johnson,Steve,2008,buf,wr,11,1,0,0,0,0,0,1,6,0,10,102,2
SmitSt01,Smith,Steve,2008,car,wr,14,14,0,0,0,0,0,5,40,0,78,1421,6
WillDe02,Williams,DeAngelo,2008,car,rb,16,16,0,0,0,0,0,273,1515,18,22,121,2
StewJo00,Stewart,Jonathan,2008,car,rb,16,0,0,0,0,0,0,184,836,10,8,47,0
RosaDa00,Rosario,Dante,2008,car,te,16,6,0,0,0,0,0,0,0,0,18,209,1
MuhaMu00,Muhammad,Muhsin,2008,car,wr,16,15,0,0,0,0,0,0,0,0,65,923,5
KingJe00,King,Jeff,2008,car,te,16,15,0,0,0,0,0,0,0,0,21,195,1
JoneMa01,Jones,Mark,2008,car,wr,16,0,0,0,0,0,0,0,0,0,2,32,0
JarrDw00,Jarrett,Dwayne,2008,car,wr,9,1,0,0,0,0,0,0,0,0,10,119,0
HoovBr00,Hoover,Brad,2008,car,rb,16,11,0,0,0,0,0,9,18,0,6,39,0
HackD.00,Hackett,D.J.,2008,car,wr,9,2,0,0,0,0,0,0,0,0,13,181,0
GoinNi00,Goings,Nick,2008,car,rb,16,0,0,0,0,0,0,9,10,0,3,1,0
DelhJa00,Delhomme,Jake,2008,car,qb,16,16,246,414,3288,15,12,20,21,2,0,0,0
McCoJo01,McCown,Josh,2008,car,qb,2,0,0,0,0,0,0,4,-3,0,0,0,0
McKiJa00,McKie,Jason,2008,chi,rb,11,8,0,0,0,0,0,11,26,2,11,64,1
DaviJa00,Davis,Jason,2008,chi,,5,3,0,0,0,0,0,1,0,0,1,12,0
GrosRe00,Grossman,Rex,2008,chi,qb,4,1,32,62,257,2,2,3,4,2,0,0,0
WolfGa00,Wolfe,Garrett,2008,chi,rb,13,0,0,0,0,0,0,15,69,0,0,0,0
OrtoKy00,Orton,Kyle,2008,chi,qb,15,15,272,465,2972,18,12,24,49,3,0,0,0
OlseGr00,Olsen,Greg,2008,chi,te,16,7,0,0,0,0,0,0,0,0,54,574,5
MaynBr20,Maynard,Brad,2008,chi,p,16,0,0,1,0,0,0,0,0,0,0,0,0
LloyBr00,Lloyd,Brandon,2008,chi,wr,11,5,0,0,0,0,0,0,0,0,26,364,2
HestDe99,Hester,Devin,2008,chi,db,15,8,0,0,0,0,0,6,61,0,51,665,3
FortMa00,Forte,Matt,2008,chi,rb,16,16,0,0,0,0,0,316,1238,8,63,477,4
DaviRa00,Davis,Rashied,2008,chi,db,16,12,0,0,0,0,0,3,14,0,35,445,2
ClarDe00,Clark,Desmond,2008,chi,te,16,16,0,0,0,0,0,0,0,0,41,367,1
BookMa00,Booker,Marty,2008,chi,wr,13,5,0,0,0,0,0,1,3,0,14,211,2
JoneKe02,Jones,Kevin,2008,chi,rb,11,0,0,0,0,0,0,34,109,0,2,5,0
PeteAd00,Peterson,Adrian,2008,chi,rb,15,0,0,0,0,0,0,20,100,0,6,45,0
PalmCa00,Palmer,Carson,2008,cin,qb,4,4,75,129,731,3,4,6,38,0,0,0,0
PerrCh00,Perry,Chris,2008,cin,rb,13,6,0,0,0,0,0,104,269,2,20,71,0
UtecBe00,Utecht,Ben,2008,cin,te,10,6,0,0,0,0,0,0,0,0,16,123,0
WatsKe00,Watson,Kenny,2008,cin,rb,10,0,0,0,0,0,0,13,55,0,3,4,0
HousTJ00,Houshmandzadeh,T.J.,2008,cin,wr,15,15,0,0,0,0,0,1,9,0,92,904,4
LawrNa00,Lawrie,Nate,2008,cin,te,8,3,0,0,0,0,0,0,0,0,2,11,0
HenrCh00,Henry,Chris,2008,cin,wr,12,1,0,0,0,0,0,0,0,0,19,220,2
CaldAn00,Caldwell,Andre,2008,cin,wr,7,4,0,0,0,0,0,5,53,0,11,78,0
JohnJa02,Johnson,James,2008,cin,,4,0,0,0,0,0,0,9,29,0,6,47,0
KellRe00,Kelly,Reggie,2008,cin,te,16,15,0,0,0,0,0,0,0,0,31,207,0
HoltGl00,Holt,Glenn,2008,cin,wr,15,2,0,0,0,0,0,0,0,0,3,26,1
DorsDe00,Dorsey,De De,2008,cin,rb,4,0,0,0,0,0,0,5,8,0,2,49,0
ChatAn00,Chatman,Antonio,2008,cin,wr,10,1,0,0,0,0,0,2,4,0,21,194,0
JohnCh01,Johnson,Chad,2008,cin,wr,13,10,0,0,0,0,0,0,0,0,53,540,4
FitzRy00,Fitzpatrick,Ryan,2008,cin,qb,13,12,221,372,1905,8,9,60,304,2,1,-3,0
SimpJe00,Simpson,Jerome,2008,cin,wr,6,1,0,0,0,0,0,0,0,0,1,2,0
PalmJo20,Palmer,Jordan,2008,cin,,3,0,7,12,41,0,2,1,4,0,0,0,0
CoatDa00,Coats,Daniel,2008,cin,te,16,4,0,0,0,0,0,0,0,0,2,19,0
BensCe00,Benson,Cedric,2008,cin,rb,12,10,0,0,0,0,0,214,747,2,20,185,0
GradBr00,Gradkowski,Bruce,2008,cle,qb,2,1,7,21,26,0,3,1,2,0,0,0,0
WrigJa01,Wright,Jason,2008,cle,rb,15,0,0,0,0,0,0,23,85,0,22,156,1
QuinBr00,Quinn,Brady,2008,cle,qb,3,3,45,89,518,2,2,5,21,0,0,0,0
StalDo00,Stallworth,Donte,2008,cle,wr,11,7,0,0,0,0,0,1,-4,0,17,170,1
DorsKe00,Dorsey,Ken,2008,cle,qb,4,3,43,91,370,0,7,2,0,0,0,0,0
RuckMa00,Rucker,Martin,2008,cle,te,5,1,0,0,0,0,0,0,0,0,2,17,0
AlixCh00,Ali,Charles,2008,cle,rb,15,4,0,0,0,0,0,0,0,0,4,13,0
WinsKe01,Winslow Jr.,Kellen,2008,cle,te,10,8,0,0,0,0,0,0,0,0,43,428,3
StepSy20,Steptoe,Syndric,2008,cle,,16,5,0,0,0,0,0,0,0,0,19,182,0
SandSt20,Sanders,Steve,2008,cle,,5,0,0,0,0,0,0,0,0,0,1,18,0
LewiJa00,Lewis,Jamal,2008,cle,rb,16,16,0,0,0,0,0,279,1002,4,23,178,0
HeidSt00,Heiden,Steve,2008,cle,te,14,11,0,0,0,0,0,0,0,0,23,249,0
HarrJe00,Harrison,Jerome,2008,cle,rb,15,0,0,0,0,0,0,34,246,1,12,116,1
EdwaBr00,Edwards,Braylon,2008,cle,wr,16,16,0,0,0,0,0,0,0,0,55,873,3
AndeDe00,Anderson,Derek,2008,cle,qb,10,9,142,283,1615,9,8,25,55,0,0,0,0
VickLa00,Vickers,Lawrence,2008,cle,rb,12,8,0,0,0,0,0,10,31,0,10,78,0
DinkDa00,Dinkins,Darnell,2008,cle,te,14,2,0,0,0,0,0,0,0,0,5,41,1
CribJo01,Cribbs,Josh,2008,cle,wr,15,2,1,4,8,0,0,29,167,1,2,18,1
BallLa00,Ball,Lance,2008,clt,,1,0,0,0,0,0,0,13,83,0,1,5,0
GarcPi00,Garcon,Pierre,2008,clt,,14,0,0,0,0,0,0,0,0,0,4,23,0
JohnCh23,Johnson,Charlie,2008,clt,t,16,16,0,0,0,0,0,0,0,0,1,-2,0
HarrMa00,Harrison,Marvin,2008,clt,wr,15,15,0,0,0,0,0,0,0,0,60,636,5
SorgJi00,Sorgi,Jim,2008,clt,qb,1,0,22,30,178,0,0,5,8,0,0,0,0
SimpCh00,Simpson,Chad,2008,clt,rb,11,0,0,0,0,0,0,15,45,1,3,30,0
DaveNa00,Davenport,Najeh,2008,clt,rb,2,0,0,0,0,0,0,8,26,0,4,54,0
WaynRe00,Wayne,Reggie,2008,clt,wr,16,16,0,0,0,0,0,0,0,0,82,1145,6
TammJa00,Tamme,Jacob,2008,clt,te,12,0,0,0,0,0,0,0,0,0,3,12,0
RhodDo00,Rhodes,Dominic,2008,clt,rb,15,4,0,0,0,0,0,152,538,6,45,302,3
MannPe00,Manning,Peyton,2008,clt,qb,16,16,371,555,4002,27,12,20,21,1,0,0,0
HartMi00,Hart,Mike,2008,clt,rb,5,0,0,0,0,0,0,2,9,0,1,18,0
HallRo02,Hall,Roy,2008,clt,wr,4,0,0,0,0,0,0,0,0,0,1,9,0
GonzAn00,Gonzalez,Anthony,2008,clt,wr,16,2,0,0,0,0,0,0,0,0,57,664,4
ClarDa00,Clark,Dallas,2008,clt,te,15,15,0,0,0,0,0,0,0,0,77,848,6
AddaJo00,Addai,Joseph,2008,clt,rb,12,12,0,0,0,0,0,155,544,5,25,206,2
SantTo00,Santi,Tom,2008,clt,te,6,2,0,0,0,0,0,0,0,0,10,64,1
RobiGi21,Robinson,Gijon,2008,clt,,15,14,0,0,0,0,0,0,0,0,19,166,0
LeinMa00,Leinart,Matt,2008,crd,qb,4,0,15,29,264,1,1,4,5,0,0,0,0
UrbaJe00,Urban,Jerheme,2008,crd,wr,16,2,1,1,18,0,0,0,0,0,34,448,4
TumaJe00,Tuman,Jerame,2008,crd,te,3,2,0,0,0,0,0,0,0,0,3,41,0
RollAn20,Rolle,Antrel,2008,crd,db,16,16,0,0,0,0,0,0,0,0,1,9,0
SpacSt00,Spach,Stephen,2008,crd,te,9,6,0,0,0,0,0,0,0,0,2,15,0
BrowLe20,Brown,Levi,2008,crd,t,16,16,0,0,0,0,0,0,0,0,1,4,0
WarnKu00,Warner,Kurt,2008,crd,qb,16,16,401,598,4583,30,14,18,-2,0,0,0,0
PopeLe00,Pope,Leonard,2008,crd,te,13,8,0,0,0,0,0,0,0,0,9,77,0
JohnDi20,Johnson,Dirk,2008,crd,p,12,0,1,1,10,0,0,0,0,0,0,0,0
JameEd00,James,Edgerrin,2008,crd,rb,13,7,0,0,0,0,0,133,514,3,12,85,0
HighTi00,Hightower,Tim,2008,crd,rb,16,7,0,0,0,0,0,143,399,10,34,237,0
FitzLa00,Fitzgerald,Larry,2008,crd,wr,16,16,0,0,0,0,0,0,0,0,96,1431,12
DoucEa00,Doucet,Early,2008,crd,wr,7,0,0,0,0,0,0,0,0,0,14,90,0
CastTi20,Castille,Tim,2008,crd,,14,0,0,0,0,0,0,0,0,0,4,11,0
BreaSt00,Breaston,Steve,2008,crd,wr,16,9,0,0,0,0,0,2,8,0,77,1006,3
BoldAn00,Boldin,Anquan,2008,crd,wr,12,11,0,0,0,0,0,9,67,0,89,1038,11
PatrBe00,Patrick,Ben,2008,crd,te,10,3,0,0,0,0,0,0,0,0,11,104,0
ArriJ.00,Arrington,J.J.,2008,crd,rb,11,3,0,1,0,0,0,31,187,1,29,255,1
SmitTe00,Smith,Terrelle,2008,crd,rb,15,6,0,0,0,0,0,0,0,0,2,24,0
WillRo04,Williams,Roy E.,2008,dal,wr,10,7,0,0,0,0,0,1,13,0,19,198,1
BollBr00,Bollinger,Brooks,2008,dal,qb,2,0,10,17,71,1,1,0,0,0,0,0,0
AndeDe01,Anderson,Deon,2008,dal,rb,14,5,0,0,0,0,0,2,3,0,2,7,1
WittJa00,Witten,Jason,2008,dal,te,16,16,1,1,42,0,0,0,0,0,81,952,4
StanIs00,Stanback,Isaiah,2008,dal,qb,8,0,0,0,0,0,0,0,0,0,2,24,0
RomoTo00,Romo,Tony,2008,dal,qb,13,13,276,450,3448,26,14,28,41,0,0,0,0
OwenTe00,Owens,Terrell,2008,dal,wr,16,16,0,0,0,0,0,7,33,0,69,1052,10
CurtTo00,Curtis,Tony,2008,dal,te,16,6,0,0,0,0,0,0,0,0,8,32,0
ChoiTa00,Choice,Tashard,2008,dal,rb,16,3,0,0,0,0,0,92,472,2,21,185,0
BarbMa01,Barber,Marion,2008,dal,rb,15,13,0,0,0,0,0,238,885,7,52,417,2
BennMa00,Bennett,Martellus,2008,dal,te,16,7,0,0,0,0,0,0,0,0,20,283,4
AustMi00,Austin,Miles,2008,dal,wr,12,0,0,0,0,0,0,0,0,0,13,278,3
JoneFe00,Jones,Felix,2008,dal,rb,6,0,0,0,0,0,0,30,266,3,2,10,0
JohnBr00,Johnson,Brad,2008,dal,qb,16,3,41,78,427,2,5,2,-1,0,0,0,0
CrayPa00,Crayton,Patrick,2008,dal,wr,16,7,0,1,0,0,0,1,11,0,39,550,4
ScheTo00,Scheffler,Tony,2008,den,te,13,7,0,0,0,0,0,1,-1,0,40,645,3
BellTa00,Bell,Tatum,2008,den,rb,7,3,0,0,0,0,0,44,249,2,10,57,0
HillPe00,Hillis,Peyton,2008,den,rb,12,6,0,0,0,0,0,68,343,5,14,179,1
PopeP.20,Pope,P.J.,2008,den,rb,5,1,0,0,0,0,0,17,130,0,3,24,1
ToraRy00,Torain,Ryan,2008,den,rb,2,1,0,0,0,0,0,15,69,1,0,0,0
JackCh00,Jackson,Chad,2008,den,wr,4,0,0,0,0,0,0,0,0,0,1,19,0
RamsPa00,Ramsey,Patrick,2008,den,qb,1,0,2,3,19,0,0,0,0,0,0,0,0
YounSe00,Young,Selvin,2008,den,rb,8,5,0,0,0,0,0,61,303,1,3,16,0
StokBr00,Stokley,Brandon,2008,den,wr,15,2,0,0,0,0,0,0,0,0,49,528,3
RoyaEd00,Royal,Eddie,2008,den,wr,15,15,0,1,0,0,0,11,109,0,91,980,5
PittMi00,Pittman,Michael,2008,den,rb,8,3,0,0,0,0,0,76,320,4,10,112,0
JackNa00,Jackson,Nate,2008,den,wr,10,3,0,0,0,0,0,0,0,0,11,84,1
JackDa00,Jackson,Darrell,2008,den,wr,12,2,0,0,0,0,0,0,0,0,12,190,1
CutlJa00,Cutler,Jay,2008,den,qb,16,16,384,616,4526,25,18,57,200,2,0,0,0
MarsBr00,Marshall,Brandon,2008,den,wr,15,15,0,0,0,0,0,2,-4,0,104,1265,6
GrahDa00,Graham,Daniel,2008,den,te,16,16,0,0,0,0,0,0,0,0,32,389,4
MartGl00,Martinez,Glenn,2008,den,wr,2,0,0,0,0,0,0,0,0,0,3,32,0
HallAn01,Hall,Andre,2008,den,rb,8,0,0,0,0,0,0,35,144,0,3,25,0
CasoAv00,Cason,Aveion,2008,det,rb,7,0,0,0,0,0,0,4,7,0,4,27,0
CulpDa00,Culpepper,Daunte,2008,det,qb,5,5,60,115,786,4,6,12,25,1,0,0,0
HensDr00,Henson,Drew,2008,det,qb,2,0,1,2,20,0,0,0,0,0,0,0,0
McDoSh00,McDonald,Shaun,2008,det,wr,12,7,0,0,0,0,0,0,0,0,35,332,1
WillRo04,Williams,Roy E.,2008,det,wr,5,4,0,0,0,0,0,0,0,0,17,232,1
SmitKe02,Smith,Kevin,2008,det,rb,16,12,0,0,0,0,0,238,976,8,39,286,0
StanJo00,Standeford,John,2008,det,,9,4,0,0,0,0,0,0,0,0,15,244,0
ColbKe00,Colbert,Keary,2008,det,wr,4,3,0,0,0,0,0,0,0,0,5,64,0
NorrMo00,Norris,Moran,2008,det,rb,11,8,0,0,0,0,0,1,1,0,4,16,0
StanDr00,Stanton,Drew,2008,det,,3,0,9,17,119,1,0,3,20,0,0,0,0
OrloDa00,Orlovsky,Dan,2008,det,qb,10,7,143,255,1616,8,8,7,29,0,0,0,0
MiddBr00,Middleton,Brandon,2008,det,wr,8,0,0,0,0,0,0,0,0,0,1,23,0
KitnJo00,Kitna,Jon,2008,det,qb,4,4,68,120,758,5,5,6,34,0,0,0,0
JohnCa00,Johnson,Calvin,2008,det,wr,16,16,0,0,0,0,0,3,-1,0,78,1331,12
JohnRu00,Johnson,Rudi,2008,det,rb,14,4,0,0,0,0,0,76,237,1,12,88,1
GainMi00,Gaines,Michael,2008,det,te,16,6,0,0,0,0,0,0,0,0,23,260,1
FurrMi00,Furrey,Mike,2008,det,db,9,2,0,0,0,0,0,0,0,0,18,181,0
FitzCa00,Fitzsimmons,Casey,2008,det,te,14,1,0,0,0,0,0,0,0,0,12,85,1
CampDa00,Campbell,Daniel,2008,det,te,1,0,0,0,0,0,0,0,0,0,1,21,0
FeltJe00,Felton,Jerome,2008,det,rb,13,6,0,0,0,0,0,2,4,0,9,53,0
OwenJo00,Owens,John,2008,det,te,16,7,0,0,0,0,0,0,0,0,8,56,1
DrivDo00,Driver,Donald,2008,gnb,wr,16,16,0,0,0,0,0,2,4,0,74,1012,5
JoneJa04,Jones,James,2008,gnb,wr,10,2,0,0,0,0,0,0,0,0,20,274,1
GranRy00,Grant,Ryan,2008,gnb,rb,16,14,0,0,0,0,0,312,1203,4,18,116,1
FlynMa00,Flynn,Matt,2008,gnb,qb,7,0,2,5,6,0,0,4,4,0,0,0,0
LumpKr00,Lumpkin,Kregg,2008,gnb,rb,2,0,0,0,0,0,0,1,19,0,3,22,0
RodgAa00,Rodgers,Aaron,2008,gnb,qb,16,16,341,536,4038,28,13,56,207,4,0,0,0
NelsJo00,Nelson,Jordy,2008,gnb,wr,16,2,0,0,0,0,0,0,0,0,33,366,2
MartRu00,Martin,Ruvell,2008,gnb,wr,13,1,0,0,0,0,0,0,0,0,15,149,1
LeexDo00,Lee,Donald,2008,gnb,te,16,14,0,0,0,0,0,0,0,0,39,303,5
KuhnJo00,Kuhn,John,2008,gnb,rb,16,3,0,0,0,0,0,8,10,1,4,21,2
JennGr00,Jennings,Greg,2008,gnb,wr,16,15,0,0,0,0,0,0,0,0,80,1292,9
JackBr00,Jackson,Brandon,2008,gnb,rb,13,0,0,0,0,0,0,45,248,1,30,185,0
HumpTo00,Humphrey,Tory,2008,gnb,te,16,7,0,0,0,0,0,0,0,0,11,162,0
HallKo99,Hall,Korey,2008,gnb,lb,11,5,0,0,0,0,0,0,0,0,7,38,1
FrosDe20,Frost,Derrick,2008,gnb,p,12,0,0,0,0,0,0,1,0,0,0,0,0
WynnDe00,Wynn,DeShawn,2008,gnb,rb,5,0,0,0,0,0,0,8,110,1,3,30,0
FinlJe00,Finley,Jermichael,2008,gnb,te,14,1,0,0,0,0,0,0,0,0,6,74,1
LeacVo00,Leach,Vonta,2008,htx,rb,16,12,0,0,0,0,0,1,1,1,12,103,0
SappCe00,Sapp,Cecil,2008,htx,rb,12,0,0,0,0,0,0,2,-3,0,0,0,0
MoatRy00,Moats,Ryan,2008,htx,rb,9,0,0,0,0,0,0,26,94,1,3,14,0
TurkMa20,Turk,Matt,2008,htx,p,16,0,0,1,0,0,0,1,18,0,0,0,0
JoneJa03,Jones,Jacoby,2008,htx,wr,16,0,0,0,0,0,0,1,-5,0,3,81,0
WaltKe00,Walter,Kevin,2008,htx,wr,16,16,0,0,0,0,0,3,23,0,60,899,8
SlatSt00,Slaton,Steve,2008,htx,rb,16,15,0,0,0,0,0,268,1282,9,50,377,1
SchaMa00,Schaub,Matt,2008,htx,qb,11,11,251,380,3043,15,10,31,68,2,0,0,0
JohnAn02,Johnson,Andre,2008,htx,wr,16,16,0,0,0,0,0,0,0,0,115,1575,8
GreeAh00,Green,Ahman,2008,htx,rb,8,1,0,0,0,0,0,74,294,3,11,32,0
DreeJo00,Dreessen,Joel,2008,htx,te,16,3,0,0,0,0,0,0,0,0,11,77,0
DaviAn01,Davis,Andre',2008,htx,wr,12,0,0,0,0,0,0,0,0,0,13,213,0
DaniOw00,Daniels,Owen,2008,htx,te,16,16,0,0,0,0,0,0,0,0,70,862,2
AndeDa01,Anderson,David,2008,htx,wr,16,1,0,0,0,0,0,0,0,0,19,241,2
TaylCh02,Taylor,Chris,2008,htx,rb,3,0,0,0,0,0,0,14,37,0,0,0,0
RoseSa00,Rosenfels,Sage,2008,htx,qb,6,5,116,174,1431,6,10,11,37,0,0,0,0
WrigGe00,Wrighster,George,2008,jax,te,5,2,0,0,0,0,0,0,0,0,2,35,0
GarrDa00,Garrard,David,2008,jax,qb,16,16,335,535,3620,15,13,73,322,2,1,-6,0
OwenMo01,Owens,Montell,2008,jax,rb,16,0,0,0,0,0,0,2,43,2,2,17,0
NortDe00,Northcutt,Dennis,2008,jax,wr,14,3,0,0,0,0,0,1,9,0,44,545,2
LewiMa00,Lewis,Marcedes,2008,jax,te,16,16,0,0,0,0,0,0,0,0,41,489,2
DrewMa00,Jones-Drew,Maurice,2008,jax,rb,16,3,0,0,0,0,0,197,824,12,62,565,2
JoneGr01,Jones,Greg,2008,jax,rb,12,7,0,0,0,0,0,2,13,0,13,116,1
JoneMa00,Jones,Matt,2008,jax,wr,12,10,0,0,0,0,0,0,0,0,65,761,2
TaylFr00,Taylor,Fred,2008,jax,rb,13,13,0,0,0,0,0,143,556,1,16,98,0
WillRe00,Williams,Reggie,2008,jax,wr,16,11,0,0,0,0,0,1,0,0,37,364,3
WillTr01,Williamson,Troy,2008,jax,wr,8,1,0,0,0,0,0,1,1,0,5,30,1
LemoCl00,Lemon,Cleo,2008,jax,qb,2,0,0,2,0,0,0,2,-3,0,0,0,0
PearAl00,Pearman,Alvin,2008,jax,rb,1,0,0,0,0,0,0,0,0,0,1,23,1
WashCh00,Washington,Chauncey,2008,jax,,6,0,0,0,0,0,0,4,9,0,1,9,0
PortJe00,Porter,Jerry,2008,jax,wr,10,6,0,0,0,0,0,0,0,0,11,181,1
AnguRi00,Angulo,Richard,2008,jax,te,15,6,0,0,0,0,0,0,0,0,8,63,0
WalkMi01,Walker,Mike,2008,jax,,9,1,0,0,0,0,0,0,0,0,16,217,0
EstaGr01,Estandia,Greg,2008,jax,te,16,1,0,0,0,0,0,0,0,0,10,113,0
FranWi00,Franklin,Will,2008,kan,wr,13,1,0,0,0,0,0,0,0,0,7,83,0
GrayQu00,Gray,Quinn,2008,kan,qb,1,0,7,8,76,1,0,1,27,0,0,0,0
SavaDa20,Savage,Dantrell,2008,kan,,8,0,0,0,0,0,0,15,53,0,2,0,0
BradMa00,Bradley,Mark,2008,kan,wr,10,8,1,1,37,1,0,0,0,0,30,380,3
WebbJe00,Webb,Jeff,2008,kan,wr,5,1,0,0,0,0,0,0,0,0,5,46,0
SmitKo00,Smith,Kolby,2008,kan,rb,7,3,0,0,0,0,0,35,100,1,10,52,0
JohnLa00,Johnson,Larry,2008,kan,rb,12,12,1,1,4,1,0,193,874,5,12,74,0
HuarDa00,Huard,Damon,2008,kan,qb,5,3,50,81,477,2,4,4,13,0,0,0,0
GonzTo00,Gonzalez,Tony,2008,kan,te,16,16,0,0,0,0,0,0,0,0,96,1058,10
DarlDe00,Darling,Devard,2008,kan,wr,16,9,0,0,0,0,0,0,0,0,17,247,1
CroyBr00,Croyle,Brodie,2008,kan,qb,2,2,20,29,151,0,0,0,0,0,0,0,0
Cox_Mi20,Cox,Mike,2008,kan,,16,5,0,0,0,0,0,1,-2,0,8,19,0
CharJa00,Charles,Jamaal,2008,kan,rb,16,2,0,0,0,0,0,67,357,0,27,272,1
BoweDw00,Bowe,Dwayne,2008,kan,wr,16,16,0,0,0,0,0,0,0,0,86,1022,7
BattJa00,Battle,Jackie,2008,kan,rb,9,0,0,0,0,0,0,0,0,0,1,-2,0
CottBr00,Cottam,Brad,2008,kan,te,16,7,0,0,0,0,0,0,0,0,7,63,0
ThigTy00,Thigpen,Tyler,2008,kan,qb,14,11,230,420,2608,18,12,62,386,3,1,37,1
HagaMa00,Hagans,Marques,2008,kan,wr,2,0,1,1,5,0,0,1,2,0,1,7,0
PoliLo00,Polite,Lousaka,2008,mia,rb,11,5,0,0,0,0,0,23,85,0,6,24,0
FasaAn00,Fasano,Anthony,2008,mia,te,16,16,0,0,0,0,0,0,0,0,34,454,7
HaynJo00,Haynos,Joey,2008,mia,,7,0,0,0,0,0,0,0,0,0,2,22,1
BessDa00,Bess,Davone,2008,mia,wr,16,6,0,0,0,0,0,1,13,0,54,554,1
BrowRo05,Brown,Ronnie,2008,mia,rb,16,13,2,3,41,1,0,214,916,10,33,254,0
CamaGr00,Camarillo,Greg,2008,mia,wr,11,11,0,0,0,0,0,2,1,0,55,613,2
CobbPa00,Cobbs,Patrick,2008,mia,rb,16,2,0,0,0,0,0,12,88,1,19,275,2
GinnTe00,Ginn Jr.,Ted,2008,mia,wr,16,14,0,0,0,0,0,5,73,2,56,790,2
FielBr20,Fields,Brandon,2008,mia,p,16,0,0,0,0,0,0,1,0,0,0,0,0
WillRi00,Williams,Ricky,2008,mia,rb,16,3,0,0,0,0,0,160,659,4,29,219,1
MartDa00,Martin,David,2008,mia,te,16,7,0,0,0,0,0,0,0,0,31,450,3
PennCh01,Pennington,Chad,2008,mia,qb,16,16,321,476,3653,19,7,30,62,1,0,0,0
HennCh01,Henne,Chad,2008,mia,qb,3,0,7,12,67,0,0,0,0,0,0,0,0
HagaDe00,Hagan,Derek,2008,mia,wr,4,0,0,0,0,0,0,0,0,0,3,51,0
CramCa00,Cramer,Casey,2008,mia,rb,9,2,0,0,0,0,0,0,0,0,2,3,1
WilfEr00,Wilford,Ernest,2008,mia,wr,7,0,0,0,0,0,0,0,0,0,3,25,0
LondBr00,London,Brandon,2008,mia,,14,1,0,0,0,0,0,0,0,0,3,30,0
WadeBo00,Wade,Bobby,2008,min,wr,16,14,0,0,0,0,0,0,0,0,53,645,2
DugaJe00,Dugan,Jeff,2008,min,te,9,2,0,0,0,0,0,4,7,0,2,12,0
TaylCh01,Taylor,Chester,2008,min,rb,16,1,1,1,4,1,0,101,399,4,45,399,2
TapeTh00,Tapeh,Thomas,2008,min,rb,2,1,0,0,0,0,0,0,0,0,1,7,0
ShiaVi00,Shiancoe,Visanthe,2008,min,te,16,15,0,0,0,0,0,0,0,0,42,596,7
RiceSi01,Rice,Sidney,2008,min,wr,13,3,0,1,0,0,0,0,0,0,15,141,4
PeteAd01,Peterson,Adrian,2008,min,rb,16,15,0,0,0,0,0,363,1760,10,21,125,0
MillGa01,Mills,Garrett,2008,min,rb,8,0,0,0,0,0,0,0,0,0,5,65,0
KluwCh20,Kluwe,Chris,2008,min,p,16,0,0,0,0,0,0,1,-7,0,0,0,0
JackTa00,Jackson,Tarvaris,2008,min,qb,9,5,88,149,1056,9,2,26,145,0,0,0,0
BerrBe00,Berrian,Bernard,2008,min,wr,16,13,0,0,0,0,0,4,26,0,48,964,7
AlliAu00,Allison,Aundrae,2008,min,wr,15,0,0,0,0,0,0,1,1,0,10,109,0
TahiNa00,Tahi,Naufahu,2008,min,rb,16,5,0,0,0,0,0,0,0,0,16,37,0
KleiJi00,Kleinsasser,Jim,2008,min,te,16,11,0,0,0,0,0,0,0,0,6,92,0
FrerGu00,Frerotte,Gus,2008,min,qb,11,11,178,301,2157,12,15,19,7,1,0,0,0
FergRo00,Ferguson,Robert,2008,min,wr,8,0,0,0,0,0,0,0,0,0,3,25,0
MoorLa00,Moore,Lance,2008,nor,wr,16,6,0,1,0,0,1,0,0,0,79,928,10
ColsMa00,Colston,Marques,2008,nor,wr,11,6,0,0,0,0,0,0,0,0,47,760,5
BellMi00,Bell,Mike,2008,nor,rb,4,0,0,0,0,0,0,13,42,1,1,14,0
MeacRo00,Meachem,Robert,2008,nor,,14,3,0,0,0,0,0,1,20,1,12,289,3
McAlDe00,McAllister,Deuce,2008,nor,rb,13,6,0,0,0,0,0,107,418,5,18,128,1
KarnMi00,Karney,Mike,2008,nor,rb,12,8,0,0,0,0,0,8,10,2,9,18,0
ThomPi00,Thomas,Pierre,2008,nor,rb,15,5,0,0,0,0,0,129,625,9,31,284,3
ShocJe00,Shockey,Jeremy,2008,nor,te,12,11,0,0,0,0,0,0,0,0,50,483,0
PattDa00,Patten,David,2008,nor,wr,5,3,0,0,0,0,0,0,0,0,11,162,1
HendDe00,Henderson,Devery,2008,nor,wr,16,13,0,0,0,0,0,4,33,0,32,793,3
CampMa00,Campbell,Mark,2008,nor,te,9,4,0,0,0,0,0,0,0,0,12,121,2
BushRe00,Bush,Reggie,2008,nor,rb,10,9,0,0,0,0,0,106,404,2,52,440,4
BreeDr00,Brees,Drew,2008,nor,qb,16,16,413,635,5069,34,17,22,-1,0,0,0,0
OrteBu00,Ortega,Buck,2008,nor,,11,1,0,0,0,0,0,0,0,0,1,3,0
MillBi00,Miller,Billy,2008,nor,te,15,5,0,0,0,0,0,0,0,0,45,579,1
StecAa00,Stecker,Aaron,2008,nor,rb,6,0,0,0,0,0,0,8,43,0,9,52,1
SoboOl00,Sobomehin,Olaniyi,2008,nor,,1,0,0,0,0,0,0,0,0,0,2,8,0
RyanSe00,Ryan,Sean,2008,nor,te,1,0,0,0,0,0,0,0,0,0,2,7,0
WatsBe00,Watson,Ben,2008,nwe,te,14,9,0,0,0,0,0,0,0,0,22,209,2
FaulKe00,Faulk,Kevin,2008,nwe,rb,15,3,1,1,-2,0,0,83,507,3,58,486,3
WelkWe00,Welker,Wes,2008,nwe,wr,16,14,0,0,0,0,0,3,26,0,111,1165,3
WashKe00,Washington,Kelley,2008,nwe,wr,10,0,0,0,0,0,0,0,0,0,1,3,0
ThomDa02,Thomas,David,2008,nwe,te,15,10,0,0,0,0,0,0,0,0,9,93,0
MossRa00,Moss,Randy,2008,nwe,wr,16,16,0,0,0,0,0,2,0,0,69,1008,11
MorrSa00,Morris,Sammy,2008,nwe,rb,13,7,0,0,0,0,0,156,727,7,17,161,0
MaroLa00,Maroney,Laurence,2008,nwe,rb,3,3,0,0,0,0,0,28,93,0,0,0,0
JordLa00,Jordan,LaMont,2008,nwe,rb,8,0,0,0,0,0,0,80,363,4,0,0,0
EvanHe00,Evans,Heath,2008,nwe,rb,16,4,0,0,0,0,0,11,23,0,3,59,0
BradTo00,Brady,Tom,2008,nwe,qb,1,1,7,11,76,0,0,0,0,0,0,0,0
CassMa00,Cassel,Matt,2008,nwe,qb,16,15,327,516,3693,21,11,73,270,2,0,0,0
OConKe00,O'Connell,Kevin,2008,nwe,qb,2,0,4,6,23,0,0,3,-6,0,0,0,0
GaffJa00,Gaffney,Jabar,2008,nwe,wr,16,7,0,0,0,0,0,0,0,0,38,468,2
AikeSa00,Aiken,Sam,2008,nwe,wr,14,2,0,0,0,0,0,0,0,0,8,101,0
GreeBe00,Green-Ellis,BenJarvus,2008,nwe,rb,9,3,0,0,0,0,0,74,275,5,3,37,0
WareDa00,Ware,Danny,2008,nyg,rb,6,0,0,0,0,0,0,2,15,0,0,0,0
JohnDa03,Johnson,Darcy,2008,nyg,te,16,2,0,0,0,0,0,0,0,0,4,46,2
MossSi00,Moss,Sinorice,2008,nyg,wr,10,0,0,0,0,0,0,0,0,0,12,153,2
WardDe01,Ward,Derrick,2008,nyg,rb,16,3,0,0,0,0,0,182,1025,2,41,384,0
ToomAm00,Toomer,Amani,2008,nyg,wr,16,12,0,0,0,0,0,0,0,0,48,580,4
SmitSt02,Smith,Steve,2008,nyg,wr,16,4,0,0,0,0,0,0,0,0,57,574,1
MannEl00,Manning,Eli,2008,nyg,qb,16,16,289,479,3238,21,10,20,10,1,0,0,0
JacoBr00,Jacobs,Brandon,2008,nyg,rb,13,13,0,0,0,0,0,219,1089,15,6,36,0
HedgMa00,Hedgecock,Madison,2008,nyg,rb,16,10,0,0,0,0,0,1,0,0,8,52,1
BurrPl00,Burress,Plaxico,2008,nyg,wr,10,9,0,0,0,0,0,0,0,0,35,454,4
HixoDo00,Hixon,Domenik,2008,nyg,wr,16,7,0,0,0,0,0,2,26,0,43,596,2
BossKe00,Boss,Kevin,2008,nyg,te,15,15,0,0,0,0,0,0,0,0,33,384,6
BradAh00,Bradshaw,Ahmad,2008,nyg,rb,15,0,0,0,0,0,0,67,355,1,5,42,1
MattMi00,Matthews,Michael,2008,nyg,te,16,5,0,0,0,0,0,0,0,0,2,26,0
MannMa01,Manningham,Mario,2008,nyg,wr,8,0,0,0,0,0,0,1,-12,0,4,26,0
CarrDa00,Carr,David,2008,nyg,qb,3,0,9,12,115,2,0,8,10,0,0,0,0
JoneTh00,Jones,Thomas,2008,nyj,rb,16,14,0,0,0,0,0,290,1312,13,36,207,2
FranBu00,Franks,Bubba,2008,nyj,te,8,4,0,0,0,0,0,0,0,0,6,47,0
FavrBr00,Favre,Brett,2008,nyj,qb,16,16,343,522,3472,22,22,21,43,1,0,2,0
CotcJe00,Cotchery,Jerricho,2008,nyj,wr,16,16,0,0,0,0,0,2,8,0,71,858,5
ColeLa00,Coles,Laveranues,2008,nyj,wr,16,16,0,0,0,0,0,2,9,0,70,850,7
BakeCh00,Baker,Chris,2008,nyj,te,16,13,0,0,0,0,0,0,0,0,21,194,0
ClowDa00,Clowney,David,2008,nyj,,2,0,0,0,0,0,0,0,0,0,1,26,0
StucCh20,Stuckey,Chansi,2008,nyj,,15,2,0,0,0,0,0,1,1,0,32,359,3
WashLe00,Washington,Leon,2008,nyj,rb,16,1,0,0,0,0,0,76,448,6,47,355,2
RichTo00,Richardson,Tony,2008,nyj,rb,16,7,0,0,0,0,0,10,65,0,1,4,0
KellDu00,Keller,Dustin,2008,nyj,te,16,6,0,0,0,0,0,0,0,0,48,535,3
ClemKe00,Clemens,Kellen,2008,nyj,qb,2,0,3,5,26,0,1,3,-3,0,0,0,0
ChatJe00,Chatman,Jesse,2008,nyj,rb,3,0,0,0,0,0,0,5,8,0,2,5,0
SmitBr01,Smith,Brad,2008,nyj,qb,15,1,1,2,18,0,0,12,113,0,12,64,0
JoneBr02,Jones,Brandon,2008,oti,wr,16,7,0,0,0,0,0,2,35,0,41,449,1
HenrCh01,Henry,Chris J.,2008,oti,rb,1,0,0,0,0,0,0,1,3,0,0,0,0
SimmCh00,Simms,Chris,2008,oti,qb,1,0,1,2,7,0,0,0,0,0,0,0,0
WillPa00,Williams,Paul,2008,oti,,5,0,0,0,0,0,0,0,0,0,1,7,0
DaviCh02,Davis,Chris,2008,oti,wr,5,0,0,0,0,0,0,0,0,0,2,31,0
hentrcra01,Hentrich,Craig,2008,oti,p,16,0,0,0,0,0,0,2,-6,0,0,0,0
HallAh00,Hall,Ahmard,2008,oti,rb,16,11,0,0,0,0,0,8,21,0,13,138,2
GageJu00,Gage,Justin,2008,oti,wr,12,11,0,0,0,0,0,0,0,0,34,651,6
CrumAl00,Crumpler,Alge,2008,oti,te,15,15,0,0,0,0,0,0,0,0,24,257,1
JohnCh04,Johnson,Chris,2008,oti,rb,15,14,0,0,0,0,0,251,1228,9,43,260,1
YounVi00,Young,Vince,2008,oti,qb,3,1,22,36,219,1,2,8,27,0,0,0,0
WhitLe01,White,LenDale,2008,oti,rb,16,2,0,0,0,0,0,200,773,15,5,16,0
StevCr00,Stevens,Craig,2008,oti,te,16,2,0,0,0,0,0,0,0,0,1,9,0
ScaiBo00,Scaife,Bo,2008,oti,te,16,7,0,0,0,0,0,0,0,0,58,561,2
McCaJu00,McCareins,Justin,2008,oti,wr,14,10,0,0,0,0,0,2,8,0,30,412,0
CollKe00,Collins,Kerry,2008,oti,qb,16,15,242,415,2676,12,7,25,49,0,0,0,0
HawkLa00,Hawkins,Lavelle,2008,oti,wr,13,1,0,0,0,0,0,0,0,0,7,68,0
GantQu00,Ganther,Quinton,2008,oti,rb,13,0,0,0,0,0,0,9,61,0,6,43,0
JackDe00,Jackson,DeSean,2008,phi,wr,16,15,0,1,0,0,1,17,96,1,62,912,2
CurtKe00,Curtis,Kevin,2008,phi,wr,9,8,0,0,0,0,0,0,0,0,33,390,2
EckeKy00,Eckel,Kyle,2008,phi,rb,5,0,0,0,0,0,0,24,79,0,0,0,0
BrowRe01,Brown,Reggie,2008,phi,wr,10,3,0,0,0,0,0,1,6,0,18,252,1
BuckCo00,Buckhalter,Correll,2008,phi,rb,14,2,0,0,0,0,0,76,369,2,26,324,2
HerrTo20,Herremans,Todd,2008,phi,t,16,15,0,0,0,0,0,0,0,0,1,1,1
SchoMa00,Schobel,Matt,2008,phi,te,5,1,0,0,0,0,0,0,0,0,2,10,0
AvanJa00,Avant,Jason,2008,phi,wr,15,6,0,0,0,0,0,0,0,0,32,377,2
BaskHa00,Baskett,Hank,2008,phi,wr,15,6,0,0,0,0,0,0,0,0,33,440,3
BookLo00,Booker,Lorenzo,2008,phi,rb,10,1,0,0,0,0,0,20,53,0,6,11,0
CeleBr00,Celek,Brent,2008,phi,te,16,7,0,0,0,0,0,0,0,0,27,318,1
McNaDo00,McNabb,Donovan,2008,phi,qb,16,16,345,571,3916,23,11,39,147,2,0,0,0
LewiGr01,Lewis,Greg,2008,phi,wr,16,0,0,0,0,0,0,0,0,0,19,247,1
KolbKe00,Kolb,Kevin,2008,phi,qb,6,0,17,34,144,0,4,13,2,0,0,0,0
KlecDa20,Klecko,Dan,2008,phi,dt,16,3,0,0,0,0,0,0,0,0,6,36,0
HuntTo01,Hunt,Tony,2008,phi,rb,6,2,0,0,0,0,0,4,9,1,6,42,0
WestBr00,Westbrook,Brian,2008,phi,rb,14,14,0,0,0,0,0,233,936,9,54,402,5
SmitL.00,Smith,L.J.,2008,phi,te,13,12,0,0,0,0,0,0,0,0,37,298,3
BakeDa01,Baker,Dallas,2008,pit,,8,0,0,0,0,0,0,0,0,0,1,6,0
McHuSe00,McHugh,Sean,2008,pit,rb,15,3,0,0,0,0,0,0,0,0,3,24,0
ParkWi00,Parker,Willie,2008,pit,rb,11,11,0,0,0,0,0,210,791,5,3,13,0
SpaeMa00,Spaeth,Matt,2008,pit,te,16,13,0,0,0,0,0,0,0,0,17,136,0
DaviCa00,Davis,Carey,2008,pit,rb,14,3,0,0,0,0,0,12,35,0,5,27,0
WardHi00,Ward,Hines,2008,pit,wr,16,15,0,0,0,0,0,1,4,0,81,1043,7
DixoDe00,Dixon,Dennis,2008,pit,qb,1,0,1,1,3,0,0,2,-3,0,0,0,0
MoorMe00,Moore,Mewelde,2008,pit,rb,16,4,0,0,0,0,0,140,588,5,40,320,1
MillHe00,Miller,Heath,2008,pit,te,14,14,0,0,0,0,0,0,0,0,48,514,3
MendRa00,Mendenhall,Rashard,2008,pit,rb,4,1,0,0,0,0,0,19,58,0,2,17,0
LeftBy00,Leftwich,Byron,2008,pit,qb,5,0,21,36,303,2,0,4,7,1,0,0,0
BergMi20,Berger,Mitch,2008,pit,p,13,0,0,0,0,0,0,1,0,0,0,0,0
WashNa00,Washington,Nate,2008,pit,wr,16,1,0,0,0,0,0,5,18,0,40,631,3
RoetBe00,Roethlisberger,Ben,2008,pit,qb,16,16,281,469,3301,17,15,34,101,2,1,-7,0
HolmSa00,Holmes,Santonio,2008,pit,wr,15,15,0,0,0,0,0,2,9,0,55,821,5
SweeLi00,Sweed,Limas,2008,pit,wr,11,0,0,0,0,0,0,0,0,0,6,64,0
RussGa00,Russell,Gary,2008,pit,rb,12,0,0,0,0,0,0,28,77,3,1,-2,0
DaveNa00,Davenport,Najeh,2008,pit,rb,4,0,0,0,0,0,0,2,5,0,0,0,0
CurrRo01,Curry,Ronald,2008,rai,wr,13,10,0,0,0,0,0,1,1,0,19,181,2
TuiaMa00,Tuiasosopo,Marques,2008,rai,qb,2,0,1,2,4,0,0,2,11,0,0,0,0
WaltAn00,Walter,Andrew,2008,rai,qb,2,1,22,49,204,0,3,5,19,0,0,0,0
HiggJo00,Higgins,Johnnie Lee,2008,rai,wr,16,3,0,0,0,0,0,3,34,0,22,366,4
LawtLu00,Lawton,Luke,2008,rai,rb,16,7,0,0,0,0,0,0,0,0,6,30,0
BushMi00,Bush,Michael,2008,rai,,15,0,1,2,8,0,0,95,421,3,19,162,0
StewTo00,Stewart,Tony,2008,rai,te,16,4,0,0,0,0,0,0,0,0,11,81,0
SchiCh00,Schilens,Chaz,2008,rai,wr,16,6,0,0,0,0,0,1,-2,0,15,226,2
RussJa00,Russell,JaMarcus,2008,rai,qb,15,15,198,368,2423,13,8,17,127,1,0,0,0
MillZa01,Miller,Zach,2008,rai,te,16,15,0,0,0,0,0,0,0,0,56,778,1
McFaDa00,McFadden,Darren,2008,rai,rb,13,5,0,0,0,0,0,113,499,4,29,285,0
LeliAs00,Lelie,Ashley,2008,rai,wr,13,6,0,0,0,0,0,0,0,0,11,197,2
LechSh20,Lechler,Shane,2008,rai,p,16,0,0,0,0,0,0,1,0,0,0,0,0
GrifJu00,Griffith,Justin,2008,rai,rb,7,3,0,0,0,0,0,2,2,0,9,85,1
FargJu00,Fargas,Justin,2008,rai,rb,14,14,0,0,0,0,0,218,853,1,10,52,0
AlstJo20,Alston,Jon,2008,rai,lb,14,4,0,0,0,0,0,1,22,0,0,0,0
WalkJa00,Walker,Javon,2008,rai,wr,8,7,0,0,0,0,0,0,0,0,15,196,1
LookDa00,Looker,Dane,2008,ram,wr,13,6,2,3,17,0,0,0,0,0,23,271,2
BerlBr00,Berlin,Brock,2008,ram,qb,1,0,1,3,6,0,0,0,0,0,0,0,0
FellDa00,Fells,Daniel,2008,ram,,12,1,0,0,0,0,0,0,0,0,7,81,0
DarbKe00,Darby,Kenneth,2008,ram,rb,10,0,0,0,0,0,0,32,140,0,19,183,0
GadoSa00,Gado,Samkon,2008,ram,rb,1,0,0,0,0,0,0,2,4,0,1,-1,0
BechAn00,Becht,Anthony,2008,ram,te,16,11,0,0,0,0,0,0,0,0,6,39,0
KreiDa00,Kreider,Dan,2008,ram,rb,11,4,0,0,0,0,0,1,0,0,0,0,0
HoltTo00,Holt,Torry,2008,ram,wr,16,14,0,0,0,0,0,0,0,0,64,796,3
JoneDo21,Jones,Donnie,2008,ram,p,16,0,0,1,0,0,0,0,0,0,0,0,0
McMiRa01,McMichael,Randy,2008,ram,te,4,4,0,0,0,0,0,0,0,0,11,139,0
MinoTr00,Minor,Travis,2008,ram,rb,13,0,0,0,0,0,0,13,29,0,5,35,0
HallDa00,Hall,Dante,2008,ram,wr,8,0,0,1,0,0,0,4,9,0,12,105,0
BulgMa00,Bulger,Marc,2008,ram,qb,15,15,251,440,2720,11,13,14,41,0,2,17,0
BennDr00,Bennett,Drew,2008,ram,wr,1,0,0,0,0,0,0,0,0,0,1,4,0
PittAn00,Pittman,Antonio,2008,ram,rb,12,5,0,0,0,0,0,79,296,0,18,132,0
StanDe00,Stanley,Derek,2008,ram,wr,10,0,0,0,0,0,0,1,0,0,6,119,1
BurtKe00,Burton,Keenan,2008,ram,wr,13,1,0,0,0,0,0,3,8,0,13,172,1
LeonBr00,Leonard,Brian,2008,ram,rb,2,0,0,0,0,0,0,2,7,0,0,0,0
KlopJo00,Klopfenstein,Joe,2008,ram,te,16,10,0,0,0,0,0,0,0,0,11,123,0
JackSt00,Jackson,Steven,2008,ram,rb,12,11,0,0,0,0,0,253,1042,7,40,379,1
GreeTr00,Green,Trent,2008,ram,qb,3,1,38,72,525,0,6,3,4,0,0,0,0
AverDo00,Avery,Donnie,2008,ram,wr,15,12,0,0,0,0,0,10,69,1,53,674,3
ClayMa01,Clayton,Mark,2008,rav,wr,16,13,1,1,32,1,0,6,81,1,41,695,3
JoneEd22,Jones,Edgar,2008,rav,de,7,0,0,0,0,0,0,0,0,0,1,25,0
FiguYa00,Figurs,Yamon,2008,rav,wr,12,0,0,0,0,0,0,0,0,0,1,43,1
FlacJo00,Flacco,Joe,2008,rav,qb,16,16,257,428,2971,14,12,52,180,2,1,43,0
HeapTo00,Heap,Todd,2008,rav,te,16,16,0,0,0,0,0,0,0,0,35,403,3
KochSa20,Koch,Sam,2008,rav,p,16,0,0,0,0,0,0,1,9,0,0,0,0
MasoDe00,Mason,Derrick,2008,rav,wr,16,16,0,0,0,0,0,1,3,0,80,1037,5
McClLe00,McClain,Le'Ron,2008,rav,rb,16,16,0,0,0,0,0,232,902,10,19,123,1
RiceRa00,Rice,Ray,2008,rav,rb,13,4,0,0,0,0,0,107,454,0,33,273,0
NealLo00,Neal,Lorenzo,2008,rav,rb,16,5,0,0,0,0,0,12,25,0,7,35,0
ParmJa00,Parmele,Jalen,2008,rav,rb,1,0,0,0,0,0,0,2,27,0,0,0,0
WillDe03,Williams,Demetrius,2008,rav,wr,7,0,0,0,0,0,0,0,0,0,13,180,1
WilcDa01,Wilcox,Daniel,2008,rav,te,13,1,0,0,0,0,0,0,0,0,5,19,2
SmitTr02,Smith,Troy,2008,rav,qb,6,0,3,4,82,1,0,9,24,0,1,36,0
McGaWi00,McGahee,Willis,2008,rav,rb,13,8,0,0,0,0,0,170,671,7,24,173,0
ManuBr00,Manumaleuna,Brandon,2008,sdg,te,16,11,0,0,0,0,0,0,0,0,15,127,2
TomlLa00,Tomlinson,LaDainian,2008,sdg,rb,16,16,0,0,0,0,0,292,1110,11,52,426,1
TolbMi00,Tolbert,Mike,2008,sdg,rb,13,7,0,0,0,0,0,13,37,0,13,171,1
SproDa00,Sproles,Darren,2008,sdg,rb,16,0,0,0,0,0,0,61,330,1,29,342,5
RivePh00,Rivers,Philip,2008,sdg,qb,16,16,312,478,4009,34,11,31,84,0,0,0,0
JackVi00,Jackson,Vincent,2008,sdg,wr,16,16,0,0,0,0,0,4,69,0,59,1098,7
GateAn00,Gates,Antonio,2008,sdg,te,16,16,0,0,0,0,0,0,0,0,60,704,8
FloyMa00,Floyd,Malcom,2008,sdg,wr,13,2,0,0,0,0,0,0,0,0,27,465,4
ChamCh00,Chambers,Chris,2008,sdg,wr,14,9,0,0,0,0,0,1,1,0,33,462,5
NaanLe00,Naanee,Legedu,2008,sdg,wr,16,0,0,0,0,0,0,0,0,0,8,64,0
HestJa00,Hester,Jacob,2008,sdg,rb,16,3,0,0,0,0,0,19,95,1,12,91,1
DaviCr00,Davis,Craig,2008,sdg,wr,4,0,0,0,0,0,0,0,0,0,4,59,0
RobiKo00,Robinson,Koren,2008,sea,wr,12,12,0,0,0,0,0,1,-4,0,31,400,2
WeavLe00,Weaver,Leonard,2008,sea,rb,14,7,0,0,0,0,0,30,130,0,20,222,2
TaylCo00,Taylor,Courtney,2008,sea,wr,10,4,0,0,0,0,0,0,0,0,9,98,0
PaynLo20,Payne,Logan,2008,sea,,2,2,0,0,0,0,0,0,0,0,3,39,0
MorrMa00,Morris,Maurice,2008,sea,rb,13,6,0,0,0,0,0,132,574,0,19,136,2
JoneJu01,Jones,Julius,2008,sea,rb,15,10,0,0,0,0,0,158,698,2,14,66,0
HellWi00,Heller,Will,2008,sea,te,12,0,0,0,0,0,0,0,0,0,4,29,0
HassMa00,Hasselbeck,Matt,2008,sea,qb,7,7,109,209,1216,5,10,11,69,0,0,0,0
CarlJo00,Carlson,John,2008,sea,te,16,9,0,0,0,0,0,0,0,0,55,627,5
BurlNa00,Burleson,Nate,2008,sea,wr,1,1,0,0,0,0,0,0,0,0,5,60,1
SchmOw00,Schmitt,Owen,2008,sea,rb,15,1,0,0,0,0,0,5,21,0,6,29,0
McMuBi00,McMullen,Billy,2008,sea,wr,4,2,0,0,0,0,0,0,0,0,7,124,0
DuckT.00,Duckett,T.J.,2008,sea,rb,16,0,0,0,0,0,0,62,172,8,0,0,0
BumpMi00,Bumpus,Michael,2008,sea,wr,4,1,0,0,0,0,0,0,0,0,5,48,1
ColbKe00,Colbert,Keary,2008,sea,wr,7,4,0,0,0,0,0,0,0,0,7,52,1
FryeCh00,Frye,Charlie,2008,sea,qb,2,1,12,23,83,2,2,2,30,0,0,0,0
WallSe00,Wallace,Seneca,2008,sea,qb,10,8,141,242,1532,11,3,16,78,0,0,0,0
EngrBo00,Engram,Bobby,2008,sea,wr,13,11,0,0,0,0,0,0,0,0,47,489,0
BranDe00,Branch,Deion,2008,sea,wr,8,8,0,0,0,0,0,0,0,0,30,412,4
BrucIs00,Bruce,Isaac,2008,sfo,wr,16,15,0,1,0,0,0,1,-3,0,61,835,7
HillSh00,Hill,Shaun,2008,sfo,qb,9,8,181,288,2046,13,8,24,115,2,0,0,0
BajeBi00,Bajema,Billy,2008,sfo,te,16,10,0,0,0,0,0,0,0,0,2,34,0
DaviVe00,Davis,Vernon,2008,sfo,te,16,16,0,0,0,0,0,1,11,0,31,358,2
RyanSe00,Ryan,Sean,2008,sfo,te,6,1,0,0,0,0,0,0,0,0,1,8,0
ZiegDo00,Zeigler,Dominique,2008,sfo,,8,0,0,0,0,0,0,0,0,0,5,97,0
RobiMi00,Robinson,Michael,2008,sfo,wr,16,1,0,0,0,0,0,19,50,0,17,202,0
OSulJ.00,O'Sullivan,J.T.,2008,sfo,qb,9,8,128,220,1678,8,11,30,145,0,0,0,0
MorgJo00,Morgan,Josh,2008,sfo,wr,12,1,0,0,0,0,0,0,0,0,20,319,3
KeasZa20,Keasey,Zak,2008,sfo,lb,6,3,0,0,0,0,0,0,0,0,3,25,0
JohnBr02,Johnson,Bryant,2008,sfo,wr,16,12,0,0,0,0,0,0,0,0,45,546,3
HillJa00,Hill,Jason,2008,sfo,wr,16,2,0,0,0,0,0,2,5,0,30,317,2
GoreFr00,Gore,Frank,2008,sfo,rb,14,14,0,0,0,0,0,240,1036,6,43,373,2
FostDe00,Foster,DeShaun,2008,sfo,rb,16,2,0,0,0,0,0,76,234,1,16,133,1
BattAr00,Battle,Arnaz,2008,sfo,wr,9,0,0,0,0,0,0,1,18,0,24,318,0
WalkHu00,Walker,Delanie,2008,sfo,wr,15,2,0,0,0,0,0,2,-13,0,10,155,1
RossAl99,Rossum,Allen,2008,sfo,db,13,1,0,0,0,0,0,1,1,1,1,4,0
SmitCl22,Smith,Clifton,2008,tam,,9,0,0,0,0,0,0,8,40,0,4,24,0
WillCa02,Williams,Cadillac,2008,tam,rb,6,1,0,0,0,0,0,63,233,4,7,43,0
StovMa00,Stovall,Maurice,2008,tam,wr,5,0,0,0,0,0,0,0,0,0,3,25,0
GrieBr00,Griese,Brian,2008,tam,qb,5,5,110,184,1073,5,7,5,-1,0,0,0,0
GilmJo00,Gilmore,John,2008,tam,te,16,10,0,0,0,0,0,0,0,0,15,147,1
SmitAl02,Smith,Alex,2008,tam,te,14,12,0,0,0,0,0,0,0,0,21,250,3
HillIk00,Hilliard,Ike,2008,tam,wr,16,2,0,0,0,0,0,1,0,0,47,424,4
GrahEa00,Graham,Earnest,2008,tam,rb,10,10,1,1,3,1,0,132,563,4,23,174,0
GarcJe00,Garcia,Jeff,2008,tam,qb,12,11,244,376,2712,12,6,35,148,1,0,0,0
GallJo00,Galloway,Joey,2008,tam,wr,9,4,0,0,0,0,0,0,0,0,13,138,0
DunnWa00,Dunn,Warrick,2008,tam,rb,15,6,0,0,0,0,0,186,786,2,47,330,0
BryaAn00,Bryant,Antonio,2008,tam,wr,16,15,0,0,0,0,0,2,22,0,83,1248,7
AskeB.00,Askew,B.J.,2008,tam,rb,10,4,0,0,0,0,0,7,14,2,13,66,0
StevJe00,Stevens,Jerramy,2008,tam,te,14,3,0,0,0,0,0,0,0,0,36,397,2
ClayMi00,Clayton,Michael,2008,tam,wr,15,9,0,0,0,0,0,2,5,0,38,484,1
ClarBr00,Clark,Brian,2008,tam,wr,9,0,0,0,0,0,0,0,0,0,1,12,0
CookJa00,Cook,Jameel,2008,tam,rb,10,1,0,0,0,0,0,0,0,0,3,24,0
McCoLu00,McCown,Luke,2008,tam,qb,2,0,0,1,0,0,0,3,15,0,0,0,0
BennMi00,Bennett,Michael,2008,tam,rb,5,0,0,0,0,0,0,7,12,0,1,2,0
MossSa00,Moss,Santana,2008,was,wr,16,16,0,0,0,0,0,1,27,0,79,1044,6
DaviFr01,Davis,Fred,2008,was,te,11,2,0,0,0,0,0,1,-3,0,3,27,0
ThraJa00,Thrash,James,2008,was,wr,16,5,0,0,0,0,0,0,0,0,9,81,1
YodeTo00,Yoder,Todd,2008,was,te,16,2,0,0,0,0,0,0,0,0,8,50,1
ThomDe02,Thomas,Devin,2008,was,wr,16,1,0,0,0,0,0,3,53,1,15,120,0
SellMi00,Sellers,Mike,2008,was,te,16,6,0,0,0,0,0,6,24,0,12,98,1
PortCl00,Portis,Clinton,2008,was,rb,16,16,0,0,0,0,0,342,1487,9,28,218,0
KellMa01,Kelly,Malcolm,2008,was,wr,5,0,0,0,0,0,0,0,0,0,3,18,0
CoolCh00,Cooley,Chris,2008,was,te,16,16,0,0,0,0,0,0,0,0,83,849,1
CartRo01,Cartwright,Rock,2008,was,rb,16,0,0,0,0,0,0,5,14,0,1,-7,0
CampJa00,Campbell,Jason,2008,was,qb,16,16,315,506,3245,13,6,47,258,1,0,0,0
BettLa00,Betts,Ladell,2008,was,rb,13,0,0,0,0,0,0,61,206,1,22,200,0
AlexSh00,Alexander,Shaun,2008,was,rb,4,0,0,0,0,0,0,11,24,0,1,9,0
RandAn00,Randle El,Antwaan,2008,was,wr,16,16,3,4,46,1,0,1,5,0,53,593,4
KendPe20,Kendall,Pete,2008,was,g,16,16,0,0,0,0,0,0,0,0,1,-9,0
